{"cameraMode":{"drawMode":0,"name":"Shaded","section":"Shading Mode"},"sceneLighting":true,"audioPlay":false,"sceneViewState":{"showFog":true,"showMaterialUpdate":true,"showSkybox":true,"showFlares":true,"showImageEffects":true,"showParticleSystems":true,"showVisualEffectGraphs":true,"m_FxEnabled":true},"in2DMode":false,"pivot":{"x":23.43058204650879,"y":-0.43172216415405276,"z":-23.38055992126465},"rotation":{"x":-0.013365180231630803,"y":-0.9131270051002502,"z":0.030166659504175187,"w":-0.40646615624427798},"size":17.639917373657228,"orthographic":false}