{"cameraMode":{"drawMode":0,"name":"Shaded","section":"Shading Mode"},"sceneLighting":true,"audioPlay":false,"sceneViewState":{"showFog":true,"showMaterialUpdate":true,"showSkybox":true,"showFlares":true,"showImageEffects":true,"showParticleSystems":true},"in2DMode":false,"pivot":{"x":-5.623447418212891,"y":-4.78398323059082,"z":-19.07242202758789},"rotation":{"x":-0.008399316109716893,"y":0.9873608946800232,"z":-0.14802305400371552,"w":-0.05604340508580208},"size":9.933202743530274,"orthographic":false}